"地方公共団体名","地方公共団体名称","名称","名称_カナ","名称_英語","所在地_全国地方公共団体コード","町字ID","所在地_連結表記","所在地_都道府県","所在地_市区町村","所在地_町字","所在地_番地以下","建物名等_方書","アドレスマッチング","設置位置","緯度","経度","高度の種別","高度の値","男性トイレ総数","男性トイレ数_小便器","男性トイレ数_和式","男性トイレ数_洋式","女性トイレ総数","女性トイレ数_和式","女性トイレ数_洋式","男女共同トイレ総数","男女共同トイレ数_和式","男女共同トイレ数_洋式","バリアフリートイレ数","車椅子使用者用トイレ有無","乳幼児用設備設置トイレ有無","オストメイト設置トイレ有無","利用開始時間","利用終了時間","利用可能時間特記事項","画像","画像_ライセンス","備考","所管課","経度","緯度","分類"
"熊谷市","埼玉県熊谷市","髙城神社境内公衆便所","タカギジンジャケイダイコウシュウベンジョ","Takagi Shrine Public Restroom","112020","0019002","埼玉県熊谷市宮町2-92","埼玉県","熊谷市","宮町2","92","","熊谷市宮町2-92","社務所の北側","","","","","2","2","","","","","","1","1","","0","無","無","無","","","","","","","環境推進課","139.386599837991","36.1457857089932","公衆トイレ一覧"
"熊谷市","埼玉県熊谷市","熊谷駅南口広場公衆便所","クマガヤエキミナミグチヒロバコウシュウベンジョ","Kumagaya Station South Gate Public Restroom","112020","0025001","埼玉県熊谷市桜木町1-1-4","埼玉県","熊谷市","桜木町1","1-4","","熊谷市桜木町1-1-4","南口のロータリー中央","","","","","5","3","","2","3","","3","1","","1","1","有","有","有","","","","","","","環境推進課","139.388294008941","36.1389062285464","公衆トイレ一覧"
"熊谷市","埼玉県熊谷市","千形神社境内公衆便所","チカタジンジャケイダイコウシュウベンジョ","Tikata Shrine Public Restroom","112020","0017001","埼玉県熊谷市本町1-12","埼玉県","熊谷市","本町1","12","","熊谷市本町1-12","敷地の北端","","","","","3","2","","1","2","1","1","1","","1","0","有","無","無","","","","","","","環境推進課","139.384496186567","36.1459669749151","公衆トイレ一覧"
"熊谷市","埼玉県熊谷市","籠原駅南口広場公衆便所","カゴハラエキミナミグチヒロバコウシュウベンジョ","Kagohara Station South Gate Public Restroom","112020","0041001","埼玉県熊谷市籠原南1-5","埼玉県","熊谷市","籠原南1","5","","熊谷市籠原南1-5","南口の階段下","","","","","5","3","","2","2","","2","1","","1","0","有","有","無","","","","","","","環境推進課","139.330082476314","36.1739435738167","公衆トイレ一覧"
"熊谷市","埼玉県熊谷市","和田川上流公衆便所","ワダガワジョウリュウコウシュウベンジョ","Wada River Public Restroom","112020","0117000","埼玉県熊谷市板井718-2","埼玉県","熊谷市","板井","718-2","","熊谷市板井718-2","敷地の東端","","","","","1","1","","","","","","1","","1","0","有","無","無","","","","","","","環境推進課","139.318350959828","36.1064950635416","公衆トイレ一覧"
"熊谷市","埼玉県熊谷市","籠原駅ビル内公衆便所","カゴハラエキビルナイコウシュウベンジョ","Kagohara Station Building Public Restroom","112020","0102000","埼玉県熊谷市新堀713","埼玉県","熊谷市","新堀","713","","熊谷市新堀713","北口の駅ビル","","","階数","1","5","3","","2","3","","3","1","","1","0","有","有","有","","","","","","","環境推進課","139.330212444709","36.1747938187782","公衆トイレ一覧"
"熊谷市","埼玉県熊谷市","熊谷市営本町駐車場","クマガヤシエイホンチョウチュウシャジョウ","","112020","0017001","埼玉県熊谷市本町1-174","埼玉県","熊谷市","本町1","174","","熊谷市本町1-174","17号沿入口内","","","","","6","3","1","2","3","1","2","0","0","0","2","有","無","無","7:00:00","0:00:00","","","","","商業観光課","139.384430503564","36.1442342668716","公衆トイレ一覧"
"熊谷市","埼玉県熊谷市","聖天山お客様お迎えトイレ","ショウデンザンオキャクサマオムカエトイレ","","112020","0138000","埼玉県熊谷市妻沼1420-1","埼玉県","熊谷市","妻沼","1420-1","","熊谷市妻沼1420-1","観光駐車場内東側","","","","","4","3","","1","2","","2","1","","1","1","有","有","有","なし","なし","","","","","商業観光課","139.377439190449","36.2224829211954","公衆トイレ一覧"
"熊谷市","埼玉県熊谷市","聖天山境内トイレ","ショウデンザンケイダイトイレ","","112020","0138000","埼玉県熊谷市妻沼1511-3","埼玉県","熊谷市","妻沼","1511-3","","熊谷市妻沼1511-3","聖天山境内","","","","","4","3","","1","4","","4","1","","1","1","有","有","無","なし","なし","","","","","商業観光課","139.375258221395","36.2275846040907","公衆トイレ一覧"
"熊谷市","埼玉県熊谷市","聖天山歴史探訪トイレ","ショウデンザンレキシタンボウトイレ","","112020","0138000","埼玉県熊谷市妻沼1493-12","埼玉県","熊谷市","妻沼","1493-12","","熊谷市妻沼1493-12","妻沼聖天山前歩道橋西","","","","","6","4","","2","6","","6","1","","1","1","有","有","無","なし","なし","","","","","商業観光課","139.377320623565","36.227950953284","公衆トイレ一覧"
"熊谷市","埼玉県熊谷市","バスターミナルトイレ","バスターミナルトイレ","","112020","0138000","埼玉県熊谷市妻沼1479-4","埼玉県","熊谷市","妻沼","1479-4","","熊谷市妻沼1479-4","妻沼聖天山前歩道橋東","","","","","2","1","1","","","","","1","1","","1","無","無","無","なし","なし","","","","","商業観光課","139.378093611595","36.2280644892796","公衆トイレ一覧"
"熊谷市","埼玉県熊谷市","花埋み観光トイレ","ハナウズミカンコウトイレ","","112020","0046000","埼玉県熊谷市弁財1975","埼玉県","熊谷市","弁財","1975","","熊谷市弁財1975","(公財)日本学生航空連盟妻沼訓練所北","","","","","4","2","2","","2","2","","0","0","0","0","無","無","無","なし","なし","","","","","商業観光課","139.405964437027","36.2072145626434","公衆トイレ一覧"
"熊谷市","埼玉県熊谷市","東公園","ヒガシコウエン","","112020","0016003","埼玉県熊谷市銀座3-1","埼玉県","熊谷市","銀座3","1","","熊谷市銀座3-1","公園内","","","","","","","","","","","","","","","1","有","無","有","","","","","","","公園緑地課","139.395728142835","36.142533379472","公衆トイレ一覧"
"熊谷市","埼玉県熊谷市","曙公園","アケボノコウエン","","112020","0010004","埼玉県熊谷市曙町4-8","埼玉県","熊谷市","曙町4","8","","熊谷市曙町4-8","公園内","","","","","","","","","","","","","","","1","有","無","有","","","","","","","公園緑地課","139.394814026164","36.1354353683848","公衆トイレ一覧"
"熊谷市","埼玉県熊谷市","宮前公園","ミヤマエコウエン","","112020","0024001","埼玉県熊谷市宮前町1-29","埼玉県","熊谷市","宮前町1","29","","熊谷市宮前町1-29","公園内","","","","","","","","","","","","","","","1","有","無","有","","","","","","","公園緑地課","139.382833052609","36.1416956488963","公衆トイレ一覧"
"熊谷市","埼玉県熊谷市","堤公園","ツツミコウエン","","112020","0027002","埼玉県熊谷市赤城町2-120","埼玉県","熊谷市","赤城町2","120","","熊谷市赤城町2-120","公園内","","","","","","","","","","","","","","","1","有","無","有","","","","","","","公園緑地課","139.367737302206","36.1457576768747","公衆トイレ一覧"
"熊谷市","埼玉県熊谷市","見晴公園","ミハラシコウエン","","112020","0143000","埼玉県熊谷市見晴町460","埼玉県","熊谷市","見晴町","460","","熊谷市見晴町460","公園内","","","","","","","","","","","","","","","1","有","無","有","","","","","","","公園緑地課","139.372802230036","36.1412721095345","公衆トイレ一覧"
"熊谷市","埼玉県熊谷市","宮町公園","ミヤマチコウエン","","112020","0019002","埼玉県熊谷市宮町2-68","埼玉県","熊谷市","宮町2","68","","熊谷市宮町2-68","公園内","","","","","","","","","","","","","","","1","有","無","有","","","","","","","公園緑地課","139.386883044388","36.1476239073394","公衆トイレ一覧"
"熊谷市","埼玉県熊谷市","玉井公園","タマイコウエン","","112020","0002000","埼玉県熊谷市玉井1973-314","埼玉県","熊谷市","玉井","1973-314","","熊谷市玉井1973-314","公園内","","","","","","","","","","","","","","","1","有","無","有","","","","","","","公園緑地課","139.34373998193","36.178060524071","公衆トイレ一覧"
"熊谷市","埼玉県熊谷市","本石公園","ホンゴクコウエン","","112020","0033001","埼玉県熊谷市本石1-10","埼玉県","熊谷市","本石1","10","","熊谷市本石1-10","公園内","","","","","","","","","","","","","","","1","有","無","有","","","","","","","公園緑地課","139.379420096672","36.1486388622663","公衆トイレ一覧"
"熊谷市","埼玉県熊谷市","別府第1公園","ベップダイイチコウエン","","112020","0021002","埼玉県熊谷市別府2-83","埼玉県","熊谷市","別府2","83","","熊谷市別府2-83","公園内","","","","","","","","","","","","","","","1","有","無","有","","","","","","","公園緑地課","139.332818730478","36.1861208330747","公衆トイレ一覧"
"熊谷市","埼玉県熊谷市","別府第3公園","ベップダイサンコウエン","","112020","0021005","埼玉県熊谷市別府5-51","埼玉県","熊谷市","別府5","51","","熊谷市別府5-51","公園内","","","","","","","","","","","","","","","1","有","無","有","","","","","","","公園緑地課","139.335325631562","36.1804953702317","公衆トイレ一覧"
"熊谷市","埼玉県熊谷市","小曽根公園","オゾネコウエン","","112020","0070000","埼玉県熊谷市小曽根992","埼玉県","熊谷市","小曽根","992","","熊谷市小曽根992","公園内","","","","","","","","","","","","","","","0","無","無","無","","","","","","","公園緑地課","139.386692113914","36.1747082965929","公衆トイレ一覧"
"熊谷市","埼玉県熊谷市","新島公園","ニイジマコウエン","","112020","0029000","埼玉県熊谷市石原120","埼玉県","熊谷市","石原","120","","熊谷市石原120","公園内","","","","","","","","","","","","","","","1","有","無","無","","","","","","","公園緑地課","139.360726296988","36.1612211532079","公衆トイレ一覧"
"熊谷市","埼玉県熊谷市","中奈良公園","ナカナラコウエン","","112020","0134000","埼玉県熊谷市中奈良2264","埼玉県","熊谷市","中奈良","2264","","熊谷市中奈良2264","公園内","","","","","","","","","","","","","","","0","無","無","無","","","","","","","公園緑地課","139.356394923247","36.1851422762576","公衆トイレ一覧"
"熊谷市","埼玉県熊谷市","雀宮第1公園","スズメノミヤダイイチコウエン","","112020","0140000","埼玉県熊谷市上之1306","埼玉県","熊谷市","上之","1306","","熊谷市上之1306","公園内","","","","","","","","","","","","","","","0","無","無","無","","","","","","","公園緑地課","139.397428637129","36.1602990833638","公衆トイレ一覧"
"熊谷市","埼玉県熊谷市","雀宮第4公園","スズメノミヤダイヨンコウエン","","112020","0028000","埼玉県熊谷市肥塚702-1","埼玉県","熊谷市","肥塚","702-1","","熊谷市肥塚702-1","公園内","","","","","","","","","","","","","","","0","無","無","無","","","","","","","公園緑地課","139.390818387931","36.1613191333328","公衆トイレ一覧"
"熊谷市","埼玉県熊谷市","雀宮第5公園","スズメノミヤダイゴコウエン","","112020","0028000","埼玉県熊谷市肥塚550-1","埼玉県","熊谷市","肥塚","550-1","","熊谷市肥塚550-1","公園内","","","","","","","","","","","","","","","0","無","無","無","","","","","","","公園緑地課","139.396916422464","36.1622220466499","公衆トイレ一覧"
"熊谷市","埼玉県熊谷市","肥塚公園","コイヅカコウエン","","112020","0028000","埼玉県熊谷市肥塚980","埼玉県","熊谷市","肥塚","980","","熊谷市肥塚980","公園内","","","","","","","","","","","","","","","0","無","無","無","","","","","","","公園緑地課","139.392242213061","36.1682808223995","公衆トイレ一覧"
"熊谷市","埼玉県熊谷市","箱田第1公園","ハコダダイイチコウエン","","112020","0004002","埼玉県熊谷市中央2-219","埼玉県","熊谷市","中央2","219","","熊谷市中央2-219","公園内","","","","","","","","","","","","","","","0","無","無","無","","","","","","","公園緑地課","139.394300874377","36.1539140631086","公衆トイレ一覧"
"熊谷市","埼玉県熊谷市","箱田第2公園","ハコダダイニコウエン","","112020","0004003","埼玉県熊谷市中央3-169","埼玉県","熊谷市","中央3","169","","熊谷市中央3-169","公園内","","","","","","","","","","","","","","","0","無","無","無","","","","","","","公園緑地課","139.396831194175","36.1559531943077","公衆トイレ一覧"
"熊谷市","埼玉県熊谷市","箱田第3公園","ハコダダイサンコウエン","","112020","0004003","埼玉県熊谷市中央3-57","埼玉県","熊谷市","中央3","57","","熊谷市中央3-57","公園内","","","","","","","","","","","","","","","0","無","無","無","","","","","","","公園緑地課","139.393151771129","36.1569011482546","公衆トイレ一覧"
"熊谷市","埼玉県熊谷市","箱田第4公園","ハコダダイヨンコウエン","","112020","0004001","埼玉県熊谷市中央1-148","埼玉県","熊谷市","中央1","148","","熊谷市中央1-148","公園内","","","","","","","","","","","","","","","1","有","無","有","","","","","","","公園緑地課","139.391605501873","36.1548941678821","公衆トイレ一覧"
"熊谷市","埼玉県熊谷市","久下第1公園","クゲダイイチコウエン","","112020","0023001","埼玉県熊谷市久下1-42","埼玉県","熊谷市","久下1","42","","熊谷市久下1-42","公園内","","","","","","","","","","","","","","","0","無","無","無","","","","","","","公園緑地課","139.425956272201","36.1147002113683","公衆トイレ一覧"
"熊谷市","埼玉県熊谷市","久下第2公園","クゲダイニコウエン","","112020","0023001","埼玉県熊谷市久下1-167","埼玉県","熊谷市","久下1","167","","熊谷市久下1-167","公園内","","","","","","","","","","","","","","","0","無","無","無","","","","","","","公園緑地課","139.427323270582","36.1170222888816","公衆トイレ一覧"
"熊谷市","埼玉県熊谷市","久下第3公園","クゲダイサンコウエン","","112020","0023003","埼玉県熊谷市久下3-103","埼玉県","熊谷市","久下3","103","","熊谷市久下3-103","公園内","","","","","","","","","","","","","","","0","無","無","無","","","","","","","公園緑地課","139.430519278655","36.1160646404629","公衆トイレ一覧"
"熊谷市","埼玉県熊谷市","久下第4公園","クゲダイヨンコウエン","","112020","0023004","埼玉県熊谷市久下4-171","埼玉県","熊谷市","久下4","171","","熊谷市久下4-171","公園内","","","","","","","","","","","","","","","0","無","無","無","","","","","","","公園緑地課","139.434039126936","36.1196195961273","公衆トイレ一覧"
"熊谷市","埼玉県熊谷市","雀宮第2公園","スズメノミヤダイニコウエン","","112020","0028000","埼玉県熊谷市肥塚393-1","埼玉県","熊谷市","肥塚","393-1","","熊谷市肥塚393-1","公園内","","","","","","","","","","","","","","","0","無","無","無","","","","","","","公園緑地課","139.393743817265","36.1601424723872","公衆トイレ一覧"
"熊谷市","埼玉県熊谷市","玉井稲荷木第1公園","タマイイナリギダイイチコウエン","","112020","0005003","埼玉県熊谷市玉井南3-19","埼玉県","熊谷市","玉井南3","19","","熊谷市玉井南3-19","公園内","","","","","","","","","","","","","","","0","無","無","無","","","","","","","公園緑地課","139.345952962404","36.1739513715864","公衆トイレ一覧"
"熊谷市","埼玉県熊谷市","玉井稲荷木第2公園","タマイイナリギダイニコウエン","","112020","0005002","埼玉県熊谷市玉井南2-88","埼玉県","熊谷市","玉井南2","88","","熊谷市玉井南2-88","公園内","","","","","","","","","","","","","","","0","無","無","無","","","","","","","公園緑地課","139.347055752848","36.1766029446922","公衆トイレ一覧"
"熊谷市","埼玉県熊谷市","上之公園","カミノコウエン","","112020","0140000","埼玉県熊谷市上之1774-2","埼玉県","熊谷市","上之","1774-2","","熊谷市上之1774-2","公園内","","","","","","","","","","","","","","","1","有","無","有","","","","","","","公園緑地課","139.398081186725","36.1537355054681","公衆トイレ一覧"
"熊谷市","埼玉県熊谷市","玉井在家第1公園","タマイザイケダイイチコウエン","","112020","0002003","埼玉県熊谷市玉井3-69","埼玉県","熊谷市","玉井3","69","","熊谷市玉井3-69","公園内","","","","","","","","","","","","","","","0","無","無","無","","","","","","","公園緑地課","139.340465590533","36.1800352256533","公衆トイレ一覧"
"熊谷市","埼玉県熊谷市","玉井在家第2公園","タマイザイケダイニコウエン","","112020","0002002","埼玉県熊谷市玉井2-24","埼玉県","熊谷市","玉井2","24","","熊谷市玉井2-24","公園内","","","","","","","","","","","","","","","0","無","無","無","","","","","","","公園緑地課","139.337101957484","36.1785480667596","公衆トイレ一覧"
"熊谷市","埼玉県熊谷市","玉井在家第3公園","タマイザイケダイサンコウエン","","112020","0002005","埼玉県熊谷市玉井5-71","埼玉県","熊谷市","玉井5","71","","熊谷市玉井5-71","公園内","","","","","","","","","","","","","","","1","有","無","有","","","","","","","公園緑地課","139.33952843818","36.1774138545711","公衆トイレ一覧"
"熊谷市","埼玉県熊谷市","広瀬川原公園","ヒロセガワラコウエン","","112020","0030000","埼玉県熊谷市瀬南68","埼玉県","熊谷市","瀬南","68","","熊谷市瀬南68","公園内","","","","","","","","","","","","","","","0","無","無","無","","","","","","","公園緑地課","139.355302970995","36.1454627292982","公衆トイレ一覧"
"熊谷市","埼玉県熊谷市","平戸公園","ヒラトコウエン","","112020","0067000","埼玉県熊谷市平戸493","埼玉県","熊谷市","平戸","493","","熊谷市平戸493","公園内","","","","","","","","","","","","","","","0","無","無","無","","","","","","","公園緑地課","139.408904083914","36.1413457006762","公衆トイレ一覧"
"熊谷市","埼玉県熊谷市","籠原南第1公園","カゴハラミナミダイイチコウエン","","112020","0041001","埼玉県熊谷市籠原南1-303","埼玉県","熊谷市","籠原南1","303","","熊谷市籠原南1-303","公園内","","","","","","","","","","","","","","","0","無","無","無","","","","","","","公園緑地課","139.327461241723","36.172856759224","公衆トイレ一覧"
"熊谷市","埼玉県熊谷市","籠原南第2公園","カゴハラミナミダイニコウエン","","112020","0041001","埼玉県熊谷市籠原南1-56","埼玉県","熊谷市","籠原南1","56","","熊谷市籠原南1-56","公園内","","","","","","","","","","","","","","","0","無","無","無","","","","","","","公園緑地課","139.330845759288","36.1718720017693","公衆トイレ一覧"
"熊谷市","埼玉県熊谷市","玉井運動広場","タマイウンドウヒロバ","","112020","0002000","埼玉県熊谷市玉井1886","埼玉県","熊谷市","玉井","1886","","熊谷市玉井1886","公園内","","","","","","","","","","","","","","","0","無","無","無","","","","","","","公園緑地課","139.349053834578","36.1819590032842","公衆トイレ一覧"
"熊谷市","埼玉県熊谷市","奈良中央公園","ナラチュウオウコウエン","","112020","0134000","埼玉県熊谷市中奈良899-1","埼玉県","熊谷市","中奈良","899-1","","熊谷市中奈良899-1","公園内","","","","","","","","","","","","","","","0","無","無","無","","","","","","","公園緑地課","139.377365309982","36.1904380007851","公衆トイレ一覧"
"熊谷市","埼玉県熊谷市","吉原公園","ヨシハラコウエン","","112020","0140000","埼玉県熊谷市上之3042-1","埼玉県","熊谷市","上之","3042-1","","熊谷市上之3042-1","公園内","","","","","","","","","","","","","","","0","無","無","無","","","","","","","公園緑地課","139.411035839151","36.146985325838","公衆トイレ一覧"
"熊谷市","埼玉県熊谷市","下増田公園","シモマスダコウエン","","112020","0089000","埼玉県熊谷市下増田882-4","埼玉県","熊谷市","下増田","882-4","","熊谷市下増田882-4","公園内","","","","","","","","","","","","","","","0","無","無","無","","","","","","","公園緑地課","139.339600094368","36.2074103284254","公衆トイレ一覧"
"熊谷市","埼玉県熊谷市","下川上農村広場","シモカワカミノウソンヒロバ","","112020","0116000","埼玉県熊谷市下川上509","埼玉県","熊谷市","下川上","509","","熊谷市下川上509","公園内","","","","","","","","","","","","","","","0","無","無","無","","","","","","","公園緑地課","139.430921617784","36.1636680095262","公衆トイレ一覧"
"熊谷市","埼玉県熊谷市","大塚農村広場","オオツカノウソンヒロバ","","112020","0065000","埼玉県熊谷市大塚214","埼玉県","熊谷市","大塚","214","","熊谷市大塚214","公園内","","","","","","","","","","","","","","","0","無","無","無","","","","","","","公園緑地課","139.420461812355","36.1683946655337","公衆トイレ一覧"
"熊谷市","埼玉県熊谷市","中島農村広場","ナカジマノウソンヒロバ","","112020","0141000","埼玉県熊谷市上中条459-1","埼玉県","熊谷市","上中条","459-1","","熊谷市上中条459-1","公園内","","","","","","","","","","","","","","","0","無","無","無","","","","","","","公園緑地課","139.416234630037","36.1716281642087","公衆トイレ一覧"
"熊谷市","埼玉県熊谷市","今井農村広場","イマイノウソンヒロバ","","112020","0120000","埼玉県熊谷市今井1138","埼玉県","熊谷市","今井","1138","","熊谷市今井1138","公園内","","","","","","","","","","","","","","","0","無","無","無","","","","","","","公園緑地課","139.390764369097","36.1795216401622","公衆トイレ一覧"
"熊谷市","埼玉県熊谷市","四方寺農村広場","シホウジノウソンヒロバ","","112020","0060000","埼玉県熊谷市四方寺110-1","埼玉県","熊谷市","四方寺","110-1","","熊谷市四方寺110-1","公園内","","","","","","","","","","","","","","","0","無","無","無","","","","","","","公園緑地課","139.393636920749","36.1868913412805","公衆トイレ一覧"
"熊谷市","埼玉県熊谷市","肥塚中島公園","コイヅカナカジマコウエン","","112020","0028004","埼玉県熊谷市肥塚4-158","埼玉県","熊谷市","肥塚4","158","","熊谷市肥塚4-158","公園内","","","","","","","","","","","","","","","0","無","無","無","","","","","","","公園緑地課","139.385610085299","36.1630140882191","公衆トイレ一覧"
"熊谷市","埼玉県熊谷市","肥塚出口公園","コイヅカデグチコウエン","","112020","0028004","埼玉県熊谷市肥塚4-37","埼玉県","熊谷市","肥塚4","37","","熊谷市肥塚4-37","公園内","","","","","","","","","","","","","","","0","無","無","無","","","","","","","公園緑地課","139.388911373043","36.1617375204015","公衆トイレ一覧"
"熊谷市","埼玉県熊谷市","上石公園","カミイシコウエン","","112020","0029000","埼玉県熊谷市石原1267","埼玉県","熊谷市","石原","1267","","熊谷市石原1267","公園内","","","","","","","","","","","","","","","0","無","無","無","","","","","","","公園緑地課","139.366334129584","36.1517422507689","公衆トイレ一覧"
"熊谷市","埼玉県熊谷市","中西公園","ナカニシコウエン","","112020","0013003","埼玉県熊谷市中西3-2378-1","埼玉県","熊谷市","中西3","2378-1","","熊谷市中西3-2378-1","公園内","","","","","","","","","","","","","","","0","無","無","無","","","","","","","公園緑地課","139.396152187292","36.1509384650694","公衆トイレ一覧"
"熊谷市","埼玉県熊谷市","新堀第2公園","ニイボリダイニコウエン","","112020","0102000","埼玉県熊谷市新堀地内","埼玉県","熊谷市","新堀","","","熊谷市新堀","公園内","","","","","","","","","","","","","","","1","有","無","有","","","","","","","公園緑地課","139.332491614795","36.1760646868583","公衆トイレ一覧"
"熊谷市","埼玉県熊谷市","新堀第3公園","ニイボリダイサンコウエン","","112020","0102000","埼玉県熊谷市新堀地内","埼玉県","熊谷市","新堀","","","熊谷市新堀","公園内","","","","","","","","","","","","","","","1","有","無","有","","","","","","","公園緑地課","139.333791565048","36.1781453306923","公衆トイレ一覧"
"熊谷市","埼玉県熊谷市","新堀第4公園","ニイボリダイヨンコウエン","","112020","0102000","埼玉県熊谷市新堀地内","埼玉県","熊谷市","新堀","","","熊谷市新堀","公園内","","","","","","","","","","","","","","","1","有","無","有","","","","","","","公園緑地課","139.331261641636","36.1774013256627","公衆トイレ一覧"
"熊谷市","埼玉県熊谷市","桜リバーサイドパーク","サクラリバーサイドパーク","","112020","0053000","埼玉県熊谷市相上1812","埼玉県","熊谷市","相上","1812","","熊谷市相上1812","公園内","","","","","","","","","","","","","","","0","無","無","無","","","","","","","公園緑地課","139.419703141586","36.0919825764716","公衆トイレ一覧"
"熊谷市","埼玉県熊谷市","荒川公園","アラカワコウエン","","112020","0145002","埼玉県熊谷市河原町2-173","埼玉県","熊谷市","河原町2","173","","熊谷市河原町2-173","公園内","","","","","","","","","","","","","","","1","有","無","無","","","","","","","公園緑地課","139.385420778143","36.1368290497189","公衆トイレ一覧"
"熊谷市","埼玉県熊谷市","万平公園","マンペイコウエン","","112020","0146001","埼玉県熊谷市万平町1-1","埼玉県","熊谷市","万平町1","1","","熊谷市万平町1-1","公園内","","","","","","","","","","","","","","","1","有","無","有","","","","","","","公園緑地課","139.390052275651","36.1359327704625","公衆トイレ一覧"
"熊谷市","埼玉県熊谷市","外原公園","ソトハラコウエン","","112020","0105000","埼玉県熊谷市拾六間774-2","埼玉県","熊谷市","拾六間","774-2","","熊谷市拾六間774-2","公園内","","","","","","","","","","","","","","","1","有","無","有","","","","","","","公園緑地課","139.312113243726","36.1713675787682","公衆トイレ一覧"
"熊谷市","埼玉県熊谷市","別府第2公園","ベップダイニコウエン","","112020","0021004","埼玉県熊谷市別府4-44","埼玉県","熊谷市","別府4","44","","熊谷市別府4-44","公園内","","","","","","","","","","","","","","","1","有","無","有","","","","","","","公園緑地課","139.339428694289","36.1825942003416","公衆トイレ一覧"
"熊谷市","埼玉県熊谷市","みいずが原公園","ミイズガハラコウエン","","112020","0086000","埼玉県熊谷市御稜威ケ原284","埼玉県","熊谷市","御稜威ケ原","284","","熊谷市御稜威ケ原284","公園内","","","","","","","","","","","","","","","0","無","無","無","","","","","","","公園緑地課","139.301102974337","36.1566947180413","公衆トイレ一覧"
"熊谷市","埼玉県熊谷市","籠原中央公園","カゴハラチュウオウコウエン","","112020","0041002","埼玉県熊谷市籠原南2-102","埼玉県","熊谷市","籠原南2","102","","熊谷市籠原南2-102","公園内","","","","","","","","","","","","","","","1","有","無","無","","","","","","","公園緑地課","139.327816065471","36.1690856455179","公衆トイレ一覧"
"熊谷市","埼玉県熊谷市","船木台中央公園","フナキダイチュウオウコウエン","","112020","0026003","埼玉県熊谷市船木台3-4-1","埼玉県","熊谷市","船木台3","4-1","","熊谷市船木台3-4-1","公園内","","","","","","","","","","","","","","","0","無","無","無","","","","","","","公園緑地課","139.417983469141","36.0772723859141","公衆トイレ一覧"
"熊谷市","埼玉県熊谷市","新堀第1公園","ニイボリダイイチコウエン","","112020","0102000","埼玉県熊谷市新堀598","埼玉県","熊谷市","新堀","598","","熊谷市新堀598","公園内","","","","","","","","","","","","","","","1","有","無","有","","","","","","","公園緑地課","139.333830521774","36.17503023348","公衆トイレ一覧"
"熊谷市","埼玉県熊谷市","伊勢町ふれあい公園","イセチョウフレアイコウエン","","112020","0036000","埼玉県熊谷市伊勢町94","埼玉県","熊谷市","伊勢町","94","","熊谷市伊勢町94","公園北西側　公園北東側","","","","","","","","","","","","","","","2","有","無","有","7:30:00","18:30:00","3月から10月は6:30～19:30","","","","公園緑地課","139.372255670263","36.1450757505572","公衆トイレ一覧"
"熊谷市","埼玉県熊谷市","かめの道","カメノミチ","","112020","0029000","埼玉県熊谷市石原2019","埼玉県","熊谷市","石原","2019","","熊谷市石原2019","石原公園南西 サンシティ熊谷西側","","","","","","","","","","","","","","","0","無","無","無","","","","","","","公園緑地課","139.371548302104","36.1479396622404","公衆トイレ一覧"
"熊谷市","埼玉県熊谷市","熊谷さくら運動公園","クマガヤサクラウンドウコウエン","","112020","0088000","埼玉県熊谷市小島157-1","埼玉県","熊谷市","小島","157-1","","熊谷市小島157-1","本球場北西　テニスコート西　多目的広場西　第3球場北　事務所","","","","","","","","","","","","","","","7","有","無","有","8:00:00","17:00:00","4月から10月は8:00～18:00","","","","公園緑地課","139.345329771782","36.1578490448752","公衆トイレ一覧"
"熊谷市","埼玉県熊谷市","別府沼公園","ベップヌマコウエン","","112020","0122000","埼玉県熊谷市西別府1456","埼玉県","熊谷市","西別府","1456","","熊谷市西別府1456","芝生広場南西　イベント広場南　遊具広場東　ピクニック広場東","","","","","","","","","","","","","","","3","有","無","有","6:30:00","19:30:00","","","","","公園緑地課","139.336152616039","36.1953169098168","公衆トイレ一覧"
"熊谷市","埼玉県熊谷市","妻沼運動公園","メヌマウンドウコウエン","","112020","0114000","埼玉県熊谷市飯塚200","埼玉県","熊谷市","飯塚","200","","熊谷市飯塚200","子供広場北東　野球場南西　サッカー場南","","","","","","","","","","","","","","","1","有","無","無","8:00:00","17:30:00","","","","","公園緑地課","139.358515629358","36.2241615150969","公衆トイレ一覧"
"熊谷市","埼玉県熊谷市","妻沼西第一公園","メヌマニシダイイチコウエン","","112020","0039002","埼玉県熊谷市妻沼西2-9","埼玉県","熊谷市","妻沼西2","9","","熊谷市妻沼西2-9","公園内","","","","","","","","","","","","","","","1","有","無","無","","","","","","","公園緑地課","139.349144726112","36.2241279666773","公衆トイレ一覧"
"熊谷市","埼玉県熊谷市","妻沼西第二公園","メヌマニシダイニコウエン","","112020","0039002","埼玉県熊谷市妻沼西2-12","埼玉県","熊谷市","妻沼西2","12","","熊谷市妻沼西2-12","公園内","","","","","","","","","","","","","","","1","有","無","無","","","","","","","公園緑地課","139.354191867177","36.224206159957","公衆トイレ一覧"
"熊谷市","埼玉県熊谷市","妻沼東運動公園","メヌマヒガシウンドウコウエン","","112020","0100000","埼玉県熊谷市上須戸952-1","埼玉県","熊谷市","上須戸","952-1","","熊谷市上須戸952-1","公園内","","","","","","","","","","","","","","","0","無","無","無","","","","","","","公園緑地課","139.400278636673","36.2060112345754","公衆トイレ一覧"
"熊谷市","埼玉県熊谷市","利根川総合運動公園","トネガワソウゴウウンドウコウエン","","112020","0138000","埼玉県熊谷市妻沼地内他","埼玉県","熊谷市","妻沼","","","熊谷市妻沼","多目的ゴルフ広場　大野サッカー場、葛和田サッカー場","","","","","","","","","","","","","","","0","無","無","無","","","","","","","公園緑地課","139.40637323647","36.2203705896474","公衆トイレ一覧"
"熊谷市","埼玉県熊谷市","江南総合公園","コウナンソウゴウコウエン","","112020","0117000","埼玉県熊谷市板井377-1","埼玉県","熊谷市","板井","377-1","","熊谷市板井377-1","多目的広場北　野球場東","","","","","","","","","","","","","","","2","有","無","無","6:30:00","19:30:00","","","","","公園緑地課","139.308586637453","36.10927118211","公衆トイレ一覧"
"熊谷市","埼玉県熊谷市","中央公園","チュウオウコウエン","","112020","0019002","埼玉県熊谷市宮町2-39","埼玉県","熊谷市","宮町2","39","","熊谷市宮町2-39","緑化センター内","","","","","","","","","","","","","","","1","有","無","無","","","","","","","公園緑地課","139.389654820411","36.1478109759971","公衆トイレ一覧"
"熊谷市","埼玉県熊谷市","熊谷荒川緑地","クマガヤアラカワリョクチ","","112020","0147000","埼玉県熊谷市熊谷2553-2","埼玉県","熊谷市","熊谷","2553-2","","熊谷市熊谷2553-2","運動広場1，2，3，4、ソフトボール場4，8、市民いきいき広場自由広場、ラグビー場東側","","","","","","","","","","","","","","","","無","無","無","","","","","","","公園緑地課","139.379234931723","36.1372969464199","公衆トイレ一覧"
"熊谷市","埼玉県熊谷市","久下荒川緑地","クゲアラカワリョクチ","","112020","0023000","埼玉県熊谷市久下4717","埼玉県","熊谷市","久下","4717","","熊谷市久下4717","公園内","","","","","","","","","","","","","","","0","無","無","無","","","","","","","公園緑地課","139.400845669027","36.1250521309042","公衆トイレ一覧"
"熊谷市","埼玉県熊谷市","村岡荒川緑地","ムラオカアラカワリョクチ","","112020","0118000","埼玉県熊谷市村岡2062-1","埼玉県","熊谷市","村岡","2062-1","","熊谷市村岡2062-1","公園内","","","","","","","","","","","","","","","0","無","無","無","","","","","","","公園緑地課","139.380515953866","36.1311653749231","公衆トイレ一覧"
"熊谷市","埼玉県熊谷市","柿沼広場","カキヌマヒロバ","","112020","0090000","埼玉県熊谷市柿沼24-1","埼玉県","熊谷市","柿沼","24-1","","熊谷市柿沼24-1","公園内","","","","","","","","","","","","","","","0","無","無","無","","","","","","","公園緑地課","139.373949030854","36.1683869639626","公衆トイレ一覧"
"熊谷市","埼玉県熊谷市","蚕業試験場跡地ひろば","サンギョウシケンジョウアトチヒロバ","","112020","0029000","埼玉県熊谷市石原3-27","埼玉県","熊谷市","石原3","27","","熊谷市石原3-27","公園内","","","","","","","","","","","","","","","1","有","無","無","","","","","","","公園緑地課","139.379726029207","36.1511365592545","公衆トイレ一覧"
"熊谷市","埼玉県熊谷市","西城区民広場","ニシジョウクミンヒロバ","","112020","0106000","埼玉県熊谷市西城138～142","埼玉県","熊谷市","西城","138～142","","熊谷市西城138～142","公園内","","","","","","","","","","","","","","","0","無","無","無","","","","","","","公園緑地課","139.3918186403","36.202906766867","公衆トイレ一覧"
"熊谷市","埼玉県熊谷市","八ツ口公園","ヤツクチコウエン","","112020","0066000","埼玉県熊谷市八ツ口921","埼玉県","熊谷市","八ツ口","921","","熊谷市八ツ口921","公園内","","","","","","","","","","","","","","","0","無","無","無","","","","","","","公園緑地課","139.391308010206","36.2140741919471","公衆トイレ一覧"
"熊谷市","埼玉県熊谷市","ミニ公園","ミニコウエン","","112020","0072000","埼玉県熊谷市中曽根653-1","埼玉県","熊谷市","中曽根","653-1","","熊谷市中曽根653-1","公園内","","","","","","","","","","","","","","","0","無","無","無","","","","","","","公園緑地課","139.41007434384","36.102274380734","公衆トイレ一覧"
"熊谷市","埼玉県熊谷市","駒形公園","コマガタコウエン","","112020","0101000","埼玉県熊谷市三本506","埼玉県","熊谷市","三本","506","","熊谷市三本506","南側（上段）　北側（下段）","","","","","","","","","","","","","","","1","有","無","無","","","","","","","公園緑地課","139.326123565868","36.1256778297265","公衆トイレ一覧"
"熊谷市","埼玉県熊谷市","下押切公園","シモオシキリコウエン","","112020","0128000","埼玉県熊谷市押切381-2","埼玉県","熊谷市","押切","381-2","","熊谷市押切381-2","公園内","","","","","","","","","","","","","","","0","無","無","無","","","","","","","公園緑地課","139.340244016268","36.13376359047","公衆トイレ一覧"
"熊谷市","埼玉県熊谷市","上新田広場","カミシンデンヒロバ","","112020","0068000","埼玉県熊谷市上新田101-1","埼玉県","熊谷市","上新田","101-1","","熊谷市上新田101-1","公園内","","","","","","","","","","","","","","","0","無","無","無","","","","","","","公園緑地課","139.316280091522","36.1307521712524","公衆トイレ一覧"
"熊谷市","埼玉県熊谷市","樋春北広場","ヒハルキタヒロバ","","112020","0110000","埼玉県熊谷市樋春165","埼玉県","熊谷市","樋春","165","","熊谷市樋春165","公園内","","","","","","","","","","","","","","","0","無","無","無","","","","","","","公園緑地課","139.349102855439","36.1320762902229","公衆トイレ一覧"
"熊谷市","埼玉県熊谷市","南成沢公園","ミナミナリサワコウエン","","112020","0111000","埼玉県熊谷市成沢1151","埼玉県","熊谷市","成沢","1151","","熊谷市成沢1151","公園内","","","","","","","","","","","","","","","1","有","無","無","","","","","","","公園緑地課","139.34904842512","36.1153332035877","公衆トイレ一覧"
"熊谷市","埼玉県熊谷市","切所沼親水公園（駐車場側）","キリショヌマシンスイコウエン（チュウシャジョウガワ）","","112020","0104000","埼玉県熊谷市小泉932-5","埼玉県","熊谷市","小泉","932-5","","熊谷市小泉932-5","公園内","","","","","","","","","","","","","","","0","無","無","無","","","","","","","公園緑地課","139.398885759441","36.1163106059522","公衆トイレ一覧"
"熊谷市","埼玉県熊谷市","中の淵親水公園","ナカノフチシンスイコウエン","","112020","0113000","埼玉県熊谷市小八林1326","埼玉県","熊谷市","小八林","1326","","熊谷市小八林1326","公園内","","","","","","","","","","","","","","","0","無","無","無","","","","","","","公園緑地課","139.433007175517","36.0815199937077","公衆トイレ一覧"
"熊谷市","埼玉県熊谷市","駅東第三公園","エキトウダイサンコウエン","","112020","0016007","埼玉県熊谷市銀座7-154","埼玉県","熊谷市","銀座7","154","","熊谷市銀座7-154","公園内","","","","","","","","","","","","","","","1","有","無","無","","","","","","","公園緑地課","139.399651876961","36.1359899197038","公衆トイレ一覧"
"熊谷市","埼玉県熊谷市","伊勢町ふれあい公園","イセチョウフレアイコウエン","","112020","0036000","埼玉県熊谷市伊勢町94","埼玉県","熊谷市","伊勢町","94","","熊谷市伊勢町94","公園北西側　公園北東側","","","","","","","","","","","","","","","2","有","無","有","7:30:00","18:30:00","3月から10月は6:30～19:30","","","","公園緑地課","139.373572763403","36.1445513042552","公衆トイレ一覧"
"熊谷市","埼玉県熊谷市","かめの道","カメノミチ","","112020","0029000","埼玉県熊谷市石原2019","埼玉県","熊谷市","石原","2019","","熊谷市石原2019","石原公園南西 サンシティ熊谷西側","","","","","","","","","","","","","","","0","無","無","無","","","","","","","公園緑地課","139.373781562182","36.1534844407069","公衆トイレ一覧"
"熊谷市","埼玉県熊谷市","熊谷さくら運動公園","クマガヤサクラウンドウコウエン","","112020","0088000","埼玉県熊谷市小島157-1","埼玉県","熊谷市","小島","157-1","","熊谷市小島157-1","野球場北西　テニスコート西　多目的広場西　第3球場北","","","","","","","","","","","","","","","7","有","無","有","8:00:00","17:00:00","4月から10月は8:00～18:00","","","","公園緑地課","139.346651205205","36.1530888492615","公衆トイレ一覧"
"熊谷市","埼玉県熊谷市","熊谷さくら運動公園","クマガヤサクラウンドウコウエン","","112020","0088000","埼玉県熊谷市小島157-1","埼玉県","熊谷市","小島","157-1","","熊谷市小島157-1","野球場北西　テニスコート西　多目的広場西　第3球場北","","","","","","","","","","","","","","","7","有","無","有","8:00:00","17:00:00","4月から10月は8:00～18:00","","","","公園緑地課","139.345244989479","36.1558376954626","公衆トイレ一覧"
"熊谷市","埼玉県熊谷市","熊谷さくら運動公園","クマガヤサクラウンドウコウエン","","112020","0088000","埼玉県熊谷市小島157-1","埼玉県","熊谷市","小島","157-1","","熊谷市小島157-1","野球場北西　テニスコート西　多目的広場西　第3球場北","","","","","","","","","","","","","","","7","有","無","有","8:00:00","17:00:00","4月から10月は8:00～18:00","","","","公園緑地課","139.346950428124","36.1563741427007","公衆トイレ一覧"
"熊谷市","埼玉県熊谷市","熊谷さくら運動公園","クマガヤサクラウンドウコウエン","","112020","0088000","埼玉県熊谷市小島157-1","埼玉県","熊谷市","小島","157-1","","熊谷市小島157-1","野球場北西　テニスコート西　多目的広場西　第3球場北","","","","","","","","","","","","","","","7","有","無","有","8:00:00","17:00:00","4月から10月は8:00～18:00","","","","公園緑地課","139.343137801642","36.1562403018545","公衆トイレ一覧"
"熊谷市","埼玉県熊谷市","別府沼公園","ベップヌマコウエン","","112020","0122000","埼玉県熊谷市西別府1456","埼玉県","熊谷市","西別府","1456","","熊谷市西別府1456","芝生広場南西　イベント広場南　遊具広場東　ピクニック広場東","","","","","","","","","","","","","","","3","有","無","有","6:30:00","19:30:00","","","","","公園緑地課","139.333413852315","36.1943197231107","公衆トイレ一覧"
"熊谷市","埼玉県熊谷市","別府沼公園","ベップヌマコウエン","","112020","0122000","埼玉県熊谷市西別府1456","埼玉県","熊谷市","西別府","1456","","熊谷市西別府1456","芝生広場南西　イベント広場南　遊具広場東　ピクニック広場東","","","","","","","","","","","","","","","3","有","無","有","6:30:00","19:30:00","","","","","公園緑地課","139.342281658607","36.1942888347218","公衆トイレ一覧"
"熊谷市","埼玉県熊谷市","別府沼公園","ベップヌマコウエン","","112020","0122000","埼玉県熊谷市西別府1456","埼玉県","熊谷市","西別府","1456","","熊谷市西別府1456","芝生広場南西　イベント広場南　遊具広場東　ピクニック広場東","","","","","","","","","","","","","","","3","有","無","有","6:30:00","19:30:00","","","","","公園緑地課","139.341220773558","36.1950167714206","公衆トイレ一覧"
"熊谷市","埼玉県熊谷市","妻沼運動公園","メヌマウンドウコウエン","","112020","0114000","埼玉県熊谷市飯塚200","埼玉県","熊谷市","飯塚","200","","熊谷市飯塚200","子供広場北東　野球場南西　サッカー場南","","","","","","","","","","","","","","","1","有","無","無","8:00:00","17:30:00","","","","","公園緑地課","139.359373174707","36.2237593384921","公衆トイレ一覧"
"熊谷市","埼玉県熊谷市","妻沼運動公園","メヌマウンドウコウエン","","112020","0114000","埼玉県熊谷市飯塚200","埼玉県","熊谷市","飯塚","200","","熊谷市飯塚200","子供広場北東　野球場南西　サッカー場南","","","","","","","","","","","","","","","1","有","無","無","8:00:00","17:30:00","","","","","公園緑地課","139.36036795294","36.223656247473","公衆トイレ一覧"
"熊谷市","埼玉県熊谷市","妻沼運動公園","メヌマウンドウコウエン","","112020","0114000","埼玉県熊谷市飯塚200","埼玉県","熊谷市","飯塚","200","","熊谷市飯塚200","子供広場北東　野球場南西　サッカー場南","","","","","","","","","","","","","","","1","有","無","無","8:00:00","17:30:00","","","","","公園緑地課","139.358291393484","36.2244535413171","公衆トイレ一覧"
"熊谷市","埼玉県熊谷市","利根川総合運動公園","トネガワソウゴウウンドウコウエン","","112020","0138000","埼玉県熊谷市妻沼地内他","埼玉県","熊谷市","妻沼","","","熊谷市妻沼","多目的ゴルフ広場　大野サッカー場、葛和田サッカー場","","","","","","","","","","","","","","","0","無","無","無","","","","","","","公園緑地課","139.427729011105","36.2042780807761","公衆トイレ一覧"
"熊谷市","埼玉県熊谷市","利根川総合運動公園","トネガワソウゴウウンドウコウエン","","112020","0138000","埼玉県熊谷市妻沼地内他","埼玉県","熊谷市","妻沼","","","熊谷市妻沼","多目的ゴルフ広場　大野サッカー場、葛和田サッカー場","","","","","","","","","","","","","","","0","無","無","無","","","","","","","公園緑地課","139.425483116315","36.205791368777","公衆トイレ一覧"
"熊谷市","埼玉県熊谷市","利根川総合運動公園","トネガワソウゴウウンドウコウエン","","112020","0138000","埼玉県熊谷市妻沼地内他","埼玉県","熊谷市","妻沼","","","熊谷市妻沼","多目的ゴルフ広場　大野サッカー場、葛和田サッカー場","","","","","","","","","","","","","","","0","無","無","無","","","","","","","公園緑地課","139.381589360786","36.2337537483457","公衆トイレ一覧"
"熊谷市","埼玉県熊谷市","江南総合公園","コウナンソウゴウコウエン","","112020","0117000","埼玉県熊谷市板井377-1","埼玉県","熊谷市","板井","377-1","","熊谷市板井377-1","多目的広場北　野球場東","","","","","","","","","","","","","","","2","有","無","無","6:30:00","19:30:00","","","","","公園緑地課","139.310017156358","36.1071086954315","公衆トイレ一覧"
"熊谷市","埼玉県熊谷市","駒形公園","コマガタコウエン","","112020","0101000","埼玉県熊谷市三本506","埼玉県","熊谷市","三本","506","","熊谷市三本506","南側（上段）　北側（下段）","","","","","","","","","","","","","","","1","有","無","無","","","","","","","公園緑地課","139.326646606307","36.1266196423093","公衆トイレ一覧"
"熊谷市","埼玉県熊谷市","熊谷荒川緑地","クマガヤアラカワリョクチ","","112020","0147000","埼玉県熊谷市熊谷2553-2","埼玉県","熊谷市","熊谷","2553-2","","熊谷市熊谷2553-2","運動広場1，2，3，4、ソフトボール場4，8、市民いきいき広場自由広場、ラグビー場東側","","","","","","","","","","","","","","","","無","無","無","","","","","","","公園緑地課","139.380403075061","36.1370422473137","公衆トイレ一覧"
"熊谷市","埼玉県熊谷市","熊谷荒川緑地","クマガヤアラカワリョクチ","","112020","0147000","埼玉県熊谷市熊谷2553-2","埼玉県","熊谷市","熊谷","2553-2","","熊谷市熊谷2553-2","運動広場1，2，3，4、ソフトボール場4，8、市民いきいき広場自由広場、ラグビー場東側","","","","","","","","","","","","","","","","無","無","無","","","","","","","公園緑地課","139.383324590948","36.1361970294626","公衆トイレ一覧"
"熊谷市","埼玉県熊谷市","熊谷荒川緑地","クマガヤアラカワリョクチ","","112020","0147000","埼玉県熊谷市熊谷2553-2","埼玉県","熊谷市","熊谷","2553-2","","熊谷市熊谷2553-2","運動広場1，2，3，4、ソフトボール場4，8、市民いきいき広場自由広場、ラグビー場東側","","","","","","","","","","","","","","","","無","無","無","","","","","","","公園緑地課","139.386607526616","36.1352854914081","公衆トイレ一覧"
"熊谷市","埼玉県熊谷市","熊谷荒川緑地","クマガヤアラカワリョクチ","","112020","0147000","埼玉県熊谷市熊谷2553-2","埼玉県","熊谷市","熊谷","2553-2","","熊谷市熊谷2553-2","運動広場1，2，3，4、ソフトボール場4，8、市民いきいき広場自由広場、ラグビー場東側","","","","","","","","","","","","","","","","無","無","無","","","","","","","公園緑地課","139.390102448756","36.1337099422331","公衆トイレ一覧"
"熊谷市","埼玉県熊谷市","熊谷荒川緑地","クマガヤアラカワリョクチ","","112020","0147000","埼玉県熊谷市熊谷2553-2","埼玉県","熊谷市","熊谷","2553-2","","熊谷市熊谷2553-2","運動広場1，2，3，4、ソフトボール場4，8、市民いきいき広場自由広場、ラグビー場東側","","","","","","","","","","","","","","","","無","無","無","","","","","","","公園緑地課","139.391246204033","36.1328354059512","公衆トイレ一覧"
"熊谷市","埼玉県熊谷市","熊谷荒川緑地","クマガヤアラカワリョクチ","","112020","0147000","埼玉県熊谷市熊谷2553-2","埼玉県","熊谷市","熊谷","2553-2","","熊谷市熊谷2553-2","運動広場1，2，3，4、ソフトボール場4，8、市民いきいき広場自由広場、ラグビー場東側","","","","","","","","","","","","","","","","無","無","無","","","","","","","公園緑地課","139.377578653902","36.1378990292497","公衆トイレ一覧"
"熊谷市","埼玉県熊谷市","熊谷荒川緑地","クマガヤアラカワリョクチ","","112020","0147000","埼玉県熊谷市熊谷2553-2","埼玉県","熊谷市","熊谷","2553-2","","熊谷市熊谷2553-2","運動広場1，2，3，4、ソフトボール場4，8、市民いきいき広場自由広場、ラグビー場東側","","","","","","","","","","","","","","","","無","無","無","","","","","","","公園緑地課","139.375713362601","36.138612952397","公衆トイレ一覧"
"熊谷市","埼玉県熊谷市","熊谷荒川緑地","クマガヤアラカワリョクチ","","112020","0147000","埼玉県熊谷市熊谷2553-2","埼玉県","熊谷市","熊谷","2553-2","","熊谷市熊谷2553-2","運動広場1，2，3，4、ソフトボール場4，8、市民いきいき広場自由広場、ラグビー場東側","","","","","","","","","","","","","","","","無","無","無","","","","","","","公園緑地課","139.370941121091","36.1400141616259","公衆トイレ一覧"
"熊谷市","埼玉県熊谷市","熊谷荒川緑地","クマガヤアラカワリョクチ","","112020","0147000","埼玉県熊谷市熊谷2553-2","埼玉県","熊谷市","熊谷","2553-2","","熊谷市熊谷2553-2","運動広場1，2，3，4、ソフトボール場4，8、市民いきいき広場自由広場、ラグビー場東側","","","","","","","","","","","","","","","","無","無","無","","","","","","","公園緑地課","139.373511675729","36.1398437993141","公衆トイレ一覧"
